NAME	HAP1	HAP2
C001-E01	/share/home/zhanglab/user/liujing/LiuJing/00_chrY/Freezed/Freeze_v0.9/C001-CHA-E01.chrY.freeze.fa
C002-E02	/share/home/zhanglab/user/liujing/LiuJing/00_chrY/Freezed/Freeze_v0.9/C002-CHA-E02.chrY.freeze.fa
C003-E03	/share/home/zhanglab/user/liujing/LiuJing/00_chrY/Freezed/Freeze_v0.9/C003-CHA-E03.chrY.freeze.fa
C004-E04	/share/home/zhanglab/user/liujing/LiuJing/00_chrY/Freezed/Freeze_v0.9/C004-CHA-E04.chrY.freeze.fa
C005-E05	/share/home/zhanglab/user/liujing/LiuJing/00_chrY/Freezed/Freeze_v0.9/C005-CHA-E05.chrY.freeze.fa
C006-E06	/share/home/zhanglab/user/liujing/LiuJing/00_chrY/Freezed/Freeze_v0.9/C006-CHA-E06.chrY.freeze.fa
C007-E07	/share/home/zhanglab/user/liujing/LiuJing/00_chrY/Freezed/Freeze_v0.9/C007-CHA-E07.chrY.freeze.fa
C008-E08	/share/home/zhanglab/user/liujing/LiuJing/00_chrY/Freezed/Freeze_v0.9/C008-CHA-E08.chrY.freeze.fa
C009-E09	/share/home/zhanglab/user/liujing/LiuJing/00_chrY/Freezed/Freeze_v0.9/C009-CHA-E09.chrY.freeze.fa
C010-E10	/share/home/zhanglab/user/liujing/LiuJing/00_chrY/Freezed/Freeze_v0.9/C010-CHA-E10.chrY.freeze.fa
C011-E11	/share/home/zhanglab/user/liujing/LiuJing/00_chrY/Freezed/Freeze_v0.9/C011-CHA-E11.chrY.freeze.fa
C012-E12	/share/home/zhanglab/user/liujing/LiuJing/00_chrY/Freezed/Freeze_v0.9/C012-CHA-E12.chrY.freeze.fa
C013-E13	/share/home/zhanglab/user/liujing/LiuJing/00_chrY/Freezed/Freeze_v0.9/C013-CHA-E13.chrY.freeze.fa
C014-E14	/share/home/zhanglab/user/liujing/LiuJing/00_chrY/Freezed/Freeze_v0.9/C014-CHA-E14.chrY.freeze.fa
C015-E15	/share/home/zhanglab/user/liujing/LiuJing/00_chrY/Freezed/Freeze_v0.9/C015-CHA-E15.chrY.freeze.fa
C016-E16	/share/home/zhanglab/user/liujing/LiuJing/00_chrY/Freezed/Freeze_v0.9/C016-CHA-E16.chrY.freeze.fa
C017-E17	/share/home/zhanglab/user/liujing/LiuJing/00_chrY/Freezed/Freeze_v0.9/C017-CHA-E17.chrY.freeze.fa
C018-E18	/share/home/zhanglab/user/liujing/LiuJing/00_chrY/Freezed/Freeze_v0.9/C018-CHA-E18.chrY.freeze.fa
C019-E19	/share/home/zhanglab/user/liujing/LiuJing/00_chrY/Freezed/Freeze_v0.9/C019-CHA-E19.chrY.freeze.fa
C020-E20	/share/home/zhanglab/user/liujing/LiuJing/00_chrY/Freezed/Freeze_v0.9/C020-CHA-E20.chrY.freeze.fa
C021-S01-2	/share/home/zhanglab/user/liujing/LiuJing/00_chrY/Freezed/Freeze_v0.9/C021-CHA-S01_2.chrY.freeze.fa
C021-S01	/share/home/zhanglab/user/liujing/LiuJing/00_chrY/Freezed/Freeze_v0.9/C021-CHA-S01.chrY.freeze.fa
C022-S02-2	/share/home/zhanglab/user/liujing/LiuJing/00_chrY/Freezed/Freeze_v0.9/C022-CHA-S02_2.chrY.freeze.fa
C022-S02	/share/home/zhanglab/user/liujing/LiuJing/00_chrY/Freezed/Freeze_v0.9/C022-CHA-S02.chrY.freeze.fa
C023-S03-2	/share/home/zhanglab/user/liujing/LiuJing/00_chrY/Freezed/Freeze_v0.9/C023-CHA-S03_2.chrY.freeze.fa
C023-S03	/share/home/zhanglab/user/liujing/LiuJing/00_chrY/Freezed/Freeze_v0.9/C023-CHA-S03.chrY.freeze.fa
C024-S04-2	/share/home/zhanglab/user/liujing/LiuJing/00_chrY/Freezed/Freeze_v0.9/C024-CHA-S04_2.chrY.freeze.fa
C024-S04	/share/home/zhanglab/user/liujing/LiuJing/00_chrY/Freezed/Freeze_v0.9/C024-CHA-S04.chrY.freeze.fa
C025-S05	/share/home/zhanglab/user/liujing/LiuJing/00_chrY/Freezed/Freeze_v0.9/C025-CHA-S05.chrY.freeze.fa
C026-S06	/share/home/zhanglab/user/liujing/LiuJing/00_chrY/Freezed/Freeze_v0.9/C026-CHA-S06.chrY.freeze.fa
C027-S07	/share/home/zhanglab/user/liujing/LiuJing/00_chrY/Freezed/Freeze_v0.9/C027-CHA-S07.chrY.freeze.fa
C028-S08	/share/home/zhanglab/user/liujing/LiuJing/00_chrY/Freezed/Freeze_v0.9/C028-CHA-S08.chrY.freeze.fa
C029-S09	/share/home/zhanglab/user/liujing/LiuJing/00_chrY/Freezed/Freeze_v0.9/C029-CHA-S09.chrY.freeze.fa
C030-S10	/share/home/zhanglab/user/liujing/LiuJing/00_chrY/Freezed/Freeze_v0.9/C030-CHA-S10.chrY.freeze.fa
C035-S15	/share/home/zhanglab/user/liujing/LiuJing/00_chrY/Freezed/Freeze_v0.9/C035-CHA-S15.chrY.freeze.fa
C036-S16	/share/home/zhanglab/user/liujing/LiuJing/00_chrY/Freezed/Freeze_v0.9/C036-CHA-S16.chrY.freeze.fa
C037-S17	/share/home/zhanglab/user/liujing/LiuJing/00_chrY/Freezed/Freeze_v0.9/C037-CHA-S17.chrY.freeze.fa
C038-S18	/share/home/zhanglab/user/liujing/LiuJing/00_chrY/Freezed/Freeze_v0.9/C038-CHA-S18.chrY.freeze.fa
C039-S19	/share/home/zhanglab/user/liujing/LiuJing/00_chrY/Freezed/Freeze_v0.9/C039-CHA-S19.chrY.freeze.fa
C040-S20	/share/home/zhanglab/user/liujing/LiuJing/00_chrY/Freezed/Freeze_v0.9/C040-CHA-S20.chrY.freeze.fa
C041-N01	/share/home/zhanglab/user/liujing/LiuJing/00_chrY/Freezed/Freeze_v0.9/C041-CHA-N01.chrY.freeze.fa
C042-N02	/share/home/zhanglab/user/liujing/LiuJing/00_chrY/Freezed/Freeze_v0.9/C042-CHA-N02.chrY.freeze.fa
C043-N03	/share/home/zhanglab/user/liujing/LiuJing/00_chrY/Freezed/Freeze_v0.9/C043-CHA-N03.chrY.freeze.fa
C044-N04	/share/home/zhanglab/user/liujing/LiuJing/00_chrY/Freezed/Freeze_v0.9/C044-CHA-N04.chrY.freeze.fa
C045-N05	/share/home/zhanglab/user/liujing/LiuJing/00_chrY/Freezed/Freeze_v0.9/C045-CHA-N05.chrY.freeze.fa
C046-N06	/share/home/zhanglab/user/liujing/LiuJing/00_chrY/Freezed/Freeze_v0.9/C046-CHA-N06.chrY.freeze.fa
C047-N07	/share/home/zhanglab/user/liujing/LiuJing/00_chrY/Freezed/Freeze_v0.9/C047-CHA-N07.chrY.freeze.fa
C048-N08	/share/home/zhanglab/user/liujing/LiuJing/00_chrY/Freezed/Freeze_v0.9/C048-CHA-N08.chrY.freeze.fa
C049-N09	/share/home/zhanglab/user/liujing/LiuJing/00_chrY/Freezed/Freeze_v0.9/C049-CHA-N09.chrY.freeze.fa
C050-N10	/share/home/zhanglab/user/liujing/LiuJing/00_chrY/Freezed/Freeze_v0.9/C050-CHA-N10.chrY.freeze.fa
C051-N11	/share/home/zhanglab/user/liujing/LiuJing/00_chrY/Freezed/Freeze_v0.9/C051-CHA-N11.chrY.freeze.fa
C052-N12	/share/home/zhanglab/user/liujing/LiuJing/00_chrY/Freezed/Freeze_v0.9/C052-CHA-N12.chrY.freeze.fa
C053-N13	/share/home/zhanglab/user/liujing/LiuJing/00_chrY/Freezed/Freeze_v0.9/C053-CHA-N13.chrY.freeze.fa
C054-N14	/share/home/zhanglab/user/liujing/LiuJing/00_chrY/Freezed/Freeze_v0.9/C054-CHA-N14.chrY.freeze.fa
C055-N15	/share/home/zhanglab/user/liujing/LiuJing/00_chrY/Freezed/Freeze_v0.9/C055-CHA-N15.chrY.freeze.fa
C056-N16	/share/home/zhanglab/user/liujing/LiuJing/00_chrY/Freezed/Freeze_v0.9/C056-CHA-N16.chrY.freeze.fa
C057-N17	/share/home/zhanglab/user/liujing/LiuJing/00_chrY/Freezed/Freeze_v0.9/C057-CHA-N17.chrY.freeze.fa
C058-N18	/share/home/zhanglab/user/liujing/LiuJing/00_chrY/Freezed/Freeze_v0.9/C058-CHA-N18.chrY.freeze.fa
C059-N19	/share/home/zhanglab/user/liujing/LiuJing/00_chrY/Freezed/Freeze_v0.9/C059-CHA-N19.chrY.freeze.fa
C060-N20	/share/home/zhanglab/user/liujing/LiuJing/00_chrY/Freezed/Freeze_v0.9/C060-CHA-N20.chrY.freeze.fa
C061-NE01	/share/home/zhanglab/user/liujing/LiuJing/00_chrY/Freezed/Freeze_v0.9/C061-CHA-NE01.chrY.freeze.fa
C062-NE02	/share/home/zhanglab/user/liujing/LiuJing/00_chrY/Freezed/Freeze_v0.9/C062-CHA-NE02.chrY.freeze.fa
C063-NE03	/share/home/zhanglab/user/liujing/LiuJing/00_chrY/Freezed/Freeze_v0.9/C063-CHA-NE03.chrY.freeze.fa
C064-NE04	/share/home/zhanglab/user/liujing/LiuJing/00_chrY/Freezed/Freeze_v0.9/C064-CHA-NE04.chrY.freeze.fa
C065-NE05	/share/home/zhanglab/user/liujing/LiuJing/00_chrY/Freezed/Freeze_v0.9/C065-CHA-NE05.chrY.freeze.fa
C066-NE06	/share/home/zhanglab/user/liujing/LiuJing/00_chrY/Freezed/Freeze_v0.9/C066-CHA-NE06.chrY.freeze.fa
C067-NE07	/share/home/zhanglab/user/liujing/LiuJing/00_chrY/Freezed/Freeze_v0.9/C067-CHA-NE07.chrY.freeze.fa
C068-NE08	/share/home/zhanglab/user/liujing/LiuJing/00_chrY/Freezed/Freeze_v0.9/C068-CHA-NE08.chrY.freeze.fa
C069-NE09	/share/home/zhanglab/user/liujing/LiuJing/00_chrY/Freezed/Freeze_v0.9/C069-CHA-NE09.chrY.freeze.fa
C070-NE10	/share/home/zhanglab/user/liujing/LiuJing/00_chrY/Freezed/Freeze_v0.9/C070-CHA-NE10.chrY.freeze.fa
C071-NE11	/share/home/zhanglab/user/liujing/LiuJing/00_chrY/Freezed/Freeze_v0.9/C071-CHA-NE11.chrY.freeze.fa
C072-NE12	/share/home/zhanglab/user/liujing/LiuJing/00_chrY/Freezed/Freeze_v0.9/C072-CHA-NE12.chrY.freeze.fa
C073-NE13	/share/home/zhanglab/user/liujing/LiuJing/00_chrY/Freezed/Freeze_v0.9/C073-CHA-NE13.chrY.freeze.fa
C074-NE14	/share/home/zhanglab/user/liujing/LiuJing/00_chrY/Freezed/Freeze_v0.9/C074-CHA-NE14.chrY.freeze.fa
C075-NE15	/share/home/zhanglab/user/liujing/LiuJing/00_chrY/Freezed/Freeze_v0.9/C075-CHA-NE15.chrY.freeze.fa
C076-NE16	/share/home/zhanglab/user/liujing/LiuJing/00_chrY/Freezed/Freeze_v0.9/C076-CHA-NE16.chrY.freeze.fa
C077-NE17	/share/home/zhanglab/user/liujing/LiuJing/00_chrY/Freezed/Freeze_v0.9/C077-CHA-NE17.chrY.freeze.fa
C078-NE18	/share/home/zhanglab/user/liujing/LiuJing/00_chrY/Freezed/Freeze_v0.9/C078-CHA-NE18.chrY.freeze.fa
C079-NE19	/share/home/zhanglab/user/liujing/LiuJing/00_chrY/Freezed/Freeze_v0.9/C079-CHA-NE19.chrY.freeze.fa
C080-NE20	/share/home/zhanglab/user/liujing/LiuJing/00_chrY/Freezed/Freeze_v0.9/C080-CHA-NE20.chrY.freeze.fa
C081-C01	/share/home/zhanglab/user/liujing/LiuJing/00_chrY/Freezed/Freeze_v0.9/C081-CHA-C01.chrY.freeze.fa
C082-C02	/share/home/zhanglab/user/liujing/LiuJing/00_chrY/Freezed/Freeze_v0.9/C082-CHA-C02.chrY.freeze.fa
C083-C03	/share/home/zhanglab/user/liujing/LiuJing/00_chrY/Freezed/Freeze_v0.9/C083-CHA-C03.chrY.freeze.fa
C084-C04	/share/home/zhanglab/user/liujing/LiuJing/00_chrY/Freezed/Freeze_v0.9/C084-CHA-C04.chrY.freeze.fa
C085-C05	/share/home/zhanglab/user/liujing/LiuJing/00_chrY/Freezed/Freeze_v0.9/C085-CHA-C05.chrY.freeze.fa
C086-C06	/share/home/zhanglab/user/liujing/LiuJing/00_chrY/Freezed/Freeze_v0.9/C086-CHA-C06.chrY.freeze.fa
C087-C07	/share/home/zhanglab/user/liujing/LiuJing/00_chrY/Freezed/Freeze_v0.9/C087-CHA-C07.chrY.freeze.fa
C088-C08	/share/home/zhanglab/user/liujing/LiuJing/00_chrY/Freezed/Freeze_v0.9/C088-CHA-C08.chrY.freeze.fa
C089-C09	/share/home/zhanglab/user/liujing/LiuJing/00_chrY/Freezed/Freeze_v0.9/C089-CHA-C09.chrY.freeze.fa
C090-C10	/share/home/zhanglab/user/liujing/LiuJing/00_chrY/Freezed/Freeze_v0.9/C090-CHA-C10.chrY.freeze.fa
C091-C11	/share/home/zhanglab/user/liujing/LiuJing/00_chrY/Freezed/Freeze_v0.9/C091-CHA-C11.chrY.freeze.fa
C092-C12	/share/home/zhanglab/user/liujing/LiuJing/00_chrY/Freezed/Freeze_v0.9/C092-CHA-C12.chrY.freeze.fa
C093-C13	/share/home/zhanglab/user/liujing/LiuJing/00_chrY/Freezed/Freeze_v0.9/C093-CHA-C13.chrY.freeze.fa
C094-C14	/share/home/zhanglab/user/liujing/LiuJing/00_chrY/Freezed/Freeze_v0.9/C094-CHA-C14.chrY.freeze.fa
C095-C15	/share/home/zhanglab/user/liujing/LiuJing/00_chrY/Freezed/Freeze_v0.9/C095-CHA-C15.chrY.freeze.fa
C096-C16	/share/home/zhanglab/user/liujing/LiuJing/00_chrY/Freezed/Freeze_v0.9/C096-CHA-C16.chrY.freeze.fa
C097-C17	/share/home/zhanglab/user/liujing/LiuJing/00_chrY/Freezed/Freeze_v0.9/C097-CHA-C17.chrY.freeze.fa
C098-C18	/share/home/zhanglab/user/liujing/LiuJing/00_chrY/Freezed/Freeze_v0.9/C098-CHA-C18.chrY.freeze.fa
C099-C19	/share/home/zhanglab/user/liujing/LiuJing/00_chrY/Freezed/Freeze_v0.9/C099-CHA-C19.chrY.freeze.fa
C100-C20	/share/home/zhanglab/user/liujing/LiuJing/00_chrY/Freezed/Freeze_v0.9/C100-CHA-C20.chrY.freeze.fa
C101-CZA01	/share/home/zhanglab/user/liujing/LiuJing/00_chrY/Freezed/Freeze_v0.9/C101-CZA01.chrY.freeze.fa
C102-CZA02	/share/home/zhanglab/user/liujing/LiuJing/00_chrY/Freezed/Freeze_v0.9/C102-CZA02.chrY.freeze.fa
C103-CZA03	/share/home/zhanglab/user/liujing/LiuJing/00_chrY/Freezed/Freeze_v0.9/C103-CZA03.chrY.freeze.fa
C104-CZA04	/share/home/zhanglab/user/liujing/LiuJing/00_chrY/Freezed/Freeze_v0.9/C104-CZA04.chrY.freeze.fa
C105-CZA05	/share/home/zhanglab/user/liujing/LiuJing/00_chrY/Freezed/Freeze_v0.9/C105-CZA05.chrY.freeze.fa
C106-CZA06	/share/home/zhanglab/user/liujing/LiuJing/00_chrY/Freezed/Freeze_v0.9/C106-CZA06.chrY.freeze.fa
C107-CZA07	/share/home/zhanglab/user/liujing/LiuJing/00_chrY/Freezed/Freeze_v0.9/C107-CZA07.chrY.freeze.fa
C108-CZA08	/share/home/zhanglab/user/liujing/LiuJing/00_chrY/Freezed/Freeze_v0.9/C108-CZA08.chrY.freeze.fa
C109-CUG01	/share/home/zhanglab/user/liujing/LiuJing/00_chrY/Freezed/Freeze_v0.9/C109-CUG01.chrY.freeze.fa
C110-CUG02	/share/home/zhanglab/user/liujing/LiuJing/00_chrY/Freezed/Freeze_v0.9/C110-CUG02.chrY.freeze.fa
C111-CUG03	/share/home/zhanglab/user/liujing/LiuJing/00_chrY/Freezed/Freeze_v0.9/C111-CUG03.chrY.freeze.fa
C112-CUG04	/share/home/zhanglab/user/liujing/LiuJing/00_chrY/Freezed/Freeze_v0.9/C112-CUG04.chrY.freeze.fa
C113-CUG05	/share/home/zhanglab/user/liujing/LiuJing/00_chrY/Freezed/Freeze_v0.9/C113-CUG05.chrY.freeze.fa
C114-CMG01	/share/home/zhanglab/user/liujing/LiuJing/00_chrY/Freezed/Freeze_v0.9/C114-CMG01.chrY.freeze.fa
C115-CMG02	/share/home/zhanglab/user/liujing/LiuJing/00_chrY/Freezed/Freeze_v0.9/C115-CMG02.chrY.freeze.fa
C116-CMG03	/share/home/zhanglab/user/liujing/LiuJing/00_chrY/Freezed/Freeze_v0.9/C116-CMG03.chrY.freeze.fa
C117-CMG04	/share/home/zhanglab/user/liujing/LiuJing/00_chrY/Freezed/Freeze_v0.9/C117-CMG04.chrY.freeze.fa
C118-CMG05	/share/home/zhanglab/user/liujing/LiuJing/00_chrY/Freezed/Freeze_v0.9/C118-CMG05.chrY.freeze.fa
C119-CKZ01	/share/home/zhanglab/user/liujing/LiuJing/00_chrY/Freezed/Freeze_v0.9/C119-CKZ01.chrY.freeze.fa
C120-CKZ02	/share/home/zhanglab/user/liujing/LiuJing/00_chrY/Freezed/Freeze_v0.9/C120-CKZ02.chrY.freeze.fa
C121-CKZ03	/share/home/zhanglab/user/liujing/LiuJing/00_chrY/Freezed/Freeze_v0.9/C121-CKZ03.chrY.freeze.fa
C122-CKZ04	/share/home/zhanglab/user/liujing/LiuJing/00_chrY/Freezed/Freeze_v0.9/C122-CKZ04.chrY.freeze.fa
C123-CKZ05	/share/home/zhanglab/user/liujing/LiuJing/00_chrY/Freezed/Freeze_v0.9/C123-CKZ05.chrY.freeze.fa
C124-CZH01	/share/home/zhanglab/user/liujing/LiuJing/00_chrY/Freezed/Freeze_v0.9/C124-CZH01.chrY.freeze.fa
C125-CZH02	/share/home/zhanglab/user/liujing/LiuJing/00_chrY/Freezed/Freeze_v0.9/C125-CZH02.chrY.freeze.fa
C126-CZH03	/share/home/zhanglab/user/liujing/LiuJing/00_chrY/Freezed/Freeze_v0.9/C126-CZH03.chrY.freeze.fa
C127-CZH04	/share/home/zhanglab/user/liujing/LiuJing/00_chrY/Freezed/Freeze_v0.9/C127-CZH04.chrY.freeze.fa
C128-CZH05	/share/home/zhanglab/user/liujing/LiuJing/00_chrY/Freezed/Freeze_v0.9/C128-CZH05.chrY.freeze.fa
C129-CYI01	/share/home/zhanglab/user/liujing/LiuJing/00_chrY/Freezed/Freeze_v0.9/C129-CYI01.chrY.freeze.fa
C130-CYI02	/share/home/zhanglab/user/liujing/LiuJing/00_chrY/Freezed/Freeze_v0.9/C130-CYI02.chrY.freeze.fa
C131-CYI03	/share/home/zhanglab/user/liujing/LiuJing/00_chrY/Freezed/Freeze_v0.9/C131-CYI03.chrY.freeze.fa
C134-CMH01	/share/home/zhanglab/user/liujing/LiuJing/00_chrY/Freezed/Freeze_v0.9/C134-CMH01.chrY.freeze.fa
C135-CMH02	/share/home/zhanglab/user/liujing/LiuJing/00_chrY/Freezed/Freeze_v0.9/C135-CMH02.chrY.freeze.fa
C136-CMH03	/share/home/zhanglab/user/liujing/LiuJing/00_chrY/Freezed/Freeze_v0.9/C136-CMH03.chrY.freeze.fa
C137-CMH04	/share/home/zhanglab/user/liujing/LiuJing/00_chrY/Freezed/Freeze_v0.9/C137-CMH04.chrY.freeze.fa
C138-CMH05	/share/home/zhanglab/user/liujing/LiuJing/00_chrY/Freezed/Freeze_v0.9/C138-CMH05.chrY.freeze.fa
C139-CBY01	/share/home/zhanglab/user/liujing/LiuJing/00_chrY/Freezed/Freeze_v0.9/C139-CBY01.chrY.freeze.fa
C140-CBY02	/share/home/zhanglab/user/liujing/LiuJing/00_chrY/Freezed/Freeze_v0.9/C140-CBY02.chrY.freeze.fa
C141-CBY03	/share/home/zhanglab/user/liujing/LiuJing/00_chrY/Freezed/Freeze_v0.9/C141-CBY03.chrY.freeze.fa
C142-CHU01	/share/home/zhanglab/user/liujing/LiuJing/00_chrY/Freezed/Freeze_v0.9/C142-CHU01.chrY.freeze.fa
C143-CHU02	/share/home/zhanglab/user/liujing/LiuJing/00_chrY/Freezed/Freeze_v0.9/C143-CHU02.chrY.freeze.fa
C144-CHU03	/share/home/zhanglab/user/liujing/LiuJing/00_chrY/Freezed/Freeze_v0.9/C144-CHU03.chrY.freeze.fa
C145-CMA01	/share/home/zhanglab/user/liujing/LiuJing/00_chrY/Freezed/Freeze_v0.9/C145-CMA01.chrY.freeze.fa
C148-CTJ01	/share/home/zhanglab/user/liujing/LiuJing/00_chrY/Freezed/Freeze_v0.9/C148-CTJ01.chrY.freeze.fa
C149-CTJ02	/share/home/zhanglab/user/liujing/LiuJing/00_chrY/Freezed/Freeze_v0.9/C149-CTJ02.chrY.freeze.fa
C150-CTJ03	/share/home/zhanglab/user/liujing/LiuJing/00_chrY/Freezed/Freeze_v0.9/C150-CTJ03.chrY.freeze.fa
C151-E21	/share/home/zhanglab/user/liujing/LiuJing/00_chrY/Freezed/Freeze_v0.9/C151-CHA-E21.chrY.freeze.fa
C152-CKZ06	/share/home/zhanglab/user/liujing/LiuJing/00_chrY/Freezed/Freeze_v0.9/C152-CKZ06.chrY.freeze.fa
C153-S21	/share/home/zhanglab/user/liujing/LiuJing/00_chrY/Freezed/Freeze_v0.9/C153-CHA-S21.chrY.freeze.fa
C154-CBA01	/share/home/zhanglab/user/liujing/LiuJing/00_chrY/Freezed/Freeze_v0.9/C154-CBA01.chrY.freeze.fa
C155-CBA02	/share/home/zhanglab/user/liujing/LiuJing/00_chrY/Freezed/Freeze_v0.9/C155-CBA02.chrY.freeze.fa
C156-CBA03	/share/home/zhanglab/user/liujing/LiuJing/00_chrY/Freezed/Freeze_v0.9/C156-CBA03.chrY.freeze.fa
KOR01	/share/home/zhanglab/user/liujing/LiuJing/00_chrY/Freezed/Freeze_v0.9/KOR01.chrY.freeze.fa
KOR02	/share/home/zhanglab/user/liujing/LiuJing/00_chrY/Freezed/Freeze_v0.9/KOR02.chrY.freeze.fa
KOR03	/share/home/zhanglab/user/liujing/LiuJing/00_chrY/Freezed/Freeze_v0.9/KOR03.chrY.freeze.fa
KOR04	/share/home/zhanglab/user/liujing/LiuJing/00_chrY/Freezed/Freeze_v0.9/KOR04.chrY.freeze.fa
KOR05	/share/home/zhanglab/user/liujing/LiuJing/00_chrY/Freezed/Freeze_v0.9/KOR05.chrY.freeze.fa
KOR06	/share/home/zhanglab/user/liujing/LiuJing/00_chrY/Freezed/Freeze_v0.9/KOR06.chrY.freeze.fa
KOR07	/share/home/zhanglab/user/liujing/LiuJing/00_chrY/Freezed/Freeze_v0.9/KOR07.chrY.freeze.fa
KOR08	/share/home/zhanglab/user/liujing/LiuJing/00_chrY/Freezed/Freeze_v0.9/KOR08.chrY.freeze.fa
HG00096	/share/home/zhanglab/user/liujing/LiuJing/00_chrY/43Ys/All/HG00096.HIFIRW.ONTUL.na.chrY.fasta
HG00358	/share/home/zhanglab/user/liujing/LiuJing/00_chrY/43Ys/All/HG00358.HIFIRW.ONTUL.na.chrY.fasta
HG00512	/share/home/zhanglab/user/liujing/LiuJing/00_chrY/43Ys/All/HG00512.HIFIRW.ONTUL.na.chrY.fasta
HG00621	/share/home/zhanglab/user/liujing/LiuJing/00_chrY/43Ys/All/HG00621.HIFIRW.ONTUL.na.chrY.fasta
HG00673	/share/home/zhanglab/user/liujing/LiuJing/00_chrY/43Ys/All/HG00673.HIFIRW.ONTUL.na.chrY.fasta
HG00731	/share/home/zhanglab/user/liujing/LiuJing/00_chrY/43Ys/All/HG00731.HIFIRW.ONTUL.na.chrY.fasta
HG01106	/share/home/zhanglab/user/liujing/LiuJing/00_chrY/43Ys/All/HG01106.HIFIRW.ONTUL.na.chrY.fasta
HG01109	/share/home/zhanglab/user/liujing/LiuJing/00_chrY/43Ys/All/HG01109.HIFIRW.ONTUL.na.chrY.fasta
HG01243	/share/home/zhanglab/user/liujing/LiuJing/00_chrY/43Ys/All/HG01243.HIFIRW.ONTUL.na.chrY.fasta
HG01258	/share/home/zhanglab/user/liujing/LiuJing/00_chrY/43Ys/All/HG01258.HIFIRW.ONTUL.na.chrY.fasta
HG01358	/share/home/zhanglab/user/liujing/LiuJing/00_chrY/43Ys/All/HG01358.HIFIRW.ONTUL.na.chrY.fasta
HG01457	/share/home/zhanglab/user/liujing/LiuJing/00_chrY/43Ys/All/HC01457.HIFIRW.ONTUL.na.chrY.fasta
HG01505	/share/home/zhanglab/user/liujing/LiuJing/00_chrY/43Ys/All/HG01505.HIFIRW.ONTUL.na.chrY.fasta
HG01596	/share/home/zhanglab/user/liujing/LiuJing/00_chrY/43Ys/All/HG01596.HIFIRW.ONTUL.na.chrY.fasta
HG01890	/share/home/zhanglab/user/liujing/LiuJing/00_chrY/43Ys/All/HG01890.HIFIRW.ONTUL.na.chrY.fasta
HG01928	/share/home/zhanglab/user/liujing/LiuJing/00_chrY/43Ys/All/HG01928.HIFIRW.ONTUL.na.chrY.fasta
HG01952	/share/home/zhanglab/user/liujing/LiuJing/00_chrY/43Ys/All/HG01952.HIFIRW.ONTUL.na.chrY.fasta
HG02011	/share/home/zhanglab/user/liujing/LiuJing/00_chrY/43Ys/All/HG02011.HIFIRW.ONTUL.na.chrY.fasta
HG02486	/share/home/zhanglab/user/liujing/LiuJing/00_chrY/43Ys/All/HG02486.HIFIRW.ONTUL.na.chrY.fasta
HG02492	/share/home/zhanglab/user/liujing/LiuJing/00_chrY/43Ys/All/HG02492.HIFIRW.ONTUL.na.chrY.fasta
HG02554	/share/home/zhanglab/user/liujing/LiuJing/00_chrY/43Ys/All/HG02554.HIFIRW.ONTUL.na.chrY.fasta
HG02572	/share/home/zhanglab/user/liujing/LiuJing/00_chrY/43Ys/All/HG02572.HIFIRW.ONTUL.na.chrY.fasta
HG02666	/share/home/zhanglab/user/liujing/LiuJing/00_chrY/43Ys/All/HC02666.HIFIRW.ONTUL.na.chrY.fasta
HG02717	/share/home/zhanglab/user/liujing/LiuJing/00_chrY/43Ys/All/HG02717.HIFIRW.ONTUL.na.chrY.fasta
HG02953	/share/home/zhanglab/user/liujing/LiuJing/00_chrY/43Ys/All/HG02953.HIFIRW.ONTUL.na.chrY.fasta
HG03009	/share/home/zhanglab/user/liujing/LiuJing/00_chrY/43Ys/All/HG03009.HIFIRW.ONTUL.na.chrY.fasta
HG03065	/share/home/zhanglab/user/liujing/LiuJing/00_chrY/43Ys/All/HG03065.HIFIRW.ONTUL.na.chrY.fasta
HG03248	/share/home/zhanglab/user/liujing/LiuJing/00_chrY/43Ys/All/HG03248.HIFIRW.ONTUL.na.chrY.fasta
HG03371	/share/home/zhanglab/user/liujing/LiuJing/00_chrY/43Ys/All/HG03371.HIFIRW.ONTUL.na.chrY.fasta
HG03456	/share/home/zhanglab/user/liujing/LiuJing/00_chrY/43Ys/All/HG03456.HIFIRW.ONTUL.na.chrY.fasta
HG03471	/share/home/zhanglab/user/liujing/LiuJing/00_chrY/43Ys/All/HG03471.HIFIRW.ONTUL.na.chrY.fasta
HG03492	/share/home/zhanglab/user/liujing/LiuJing/00_chrY/43Ys/All/HG03492.HIFIRW.ONTUL.na.chrY.fasta
HG03579	/share/home/zhanglab/user/liujing/LiuJing/00_chrY/43Ys/All/HG03579.HIFIRW.ONTUL.na.chrY.fasta
HG03732	/share/home/zhanglab/user/liujing/LiuJing/00_chrY/43Ys/All/HG03732.HIFIRW.ONTUL.na.chrY.fasta
NA18534	/share/home/zhanglab/user/liujing/LiuJing/00_chrY/43Ys/All/NA18534.HIFIRW.ONTUL.na.chrY.fasta
NA18989	/share/home/zhanglab/user/liujing/LiuJing/00_chrY/43Ys/All/HC18989.HIFIRW.ONTUL.na.chrY.fasta
NA19239	/share/home/zhanglab/user/liujing/LiuJing/00_chrY/43Ys/All/NA19239.HIFIRW.ONTUL.na.chrY.fasta
NA19317	/share/home/zhanglab/user/liujing/LiuJing/00_chrY/43Ys/All/NA19317.HIFIRW.ONTUL.na.chrY.fasta
NA19331	/share/home/zhanglab/user/liujing/LiuJing/00_chrY/43Ys/All/NA19331.HIFIRW.ONTUL.na.chrY.fasta
NA19347	/share/home/zhanglab/user/liujing/LiuJing/00_chrY/43Ys/All/NA19347.HIFIRW.ONTUL.na.chrY.fasta
NA19384	/share/home/zhanglab/user/liujing/LiuJing/00_chrY/43Ys/All/HC19384.HIFIRW.ONTUL.na.chrY.fasta
NA19650	/share/home/zhanglab/user/liujing/LiuJing/00_chrY/43Ys/All/NA19650.HIFIRW.ONTUL.na.chrY.fasta
NA19705	/share/home/zhanglab/user/liujing/LiuJing/00_chrY/43Ys/All/NA19705.HIFIRW.ONTUL.na.chrY.fasta
NA20509	/share/home/zhanglab/user/liujing/LiuJing/00_chrY/43Ys/All/NA20509.HIFIRW.ONTUL.na.chrY.fasta
CN1	/share/home/zhanglab/user/liujing/LiuJing/00_chrY/Ref/CN1.chrY.fa
